{"cameraMode":{"drawMode":0,"name":"Shaded","section":"Shading Mode"},"sceneLighting":true,"audioPlay":false,"sceneViewState":{"showFog":false,"showMaterialUpdate":false,"showSkybox":false,"showFlares":false,"showImageEffects":false,"showParticleSystems":false},"in2DMode":false,"pivot":{"x":-0.1813623607158661,"y":-5.034502029418945,"z":5.151560306549072},"rotation":{"x":0.371772438287735,"y":0.041198987513780597,"z":-0.016512755304574968,"w":0.9272621870040894},"size":5.332900524139404,"orthographic":false}