{"cameraMode":{"drawMode":0,"name":"Shaded","section":"Shading Mode"},"sceneLighting":true,"audioPlay":false,"sceneViewState":{"showFog":true,"showMaterialUpdate":true,"showSkybox":true,"showFlares":true,"showImageEffects":true,"showParticleSystems":true},"in2DMode":false,"pivot":{"x":-1.2539710998535157,"y":1.4577921628952027,"z":-3.211960792541504},"rotation":{"x":0.1939820796251297,"y":0.12381171435117722,"z":-0.024682173505425454,"w":0.9728476405143738},"size":2.8877646923065187,"orthographic":false}