{"cameraMode":{"drawMode":0,"name":"Shaded","section":"Shading Mode"},"sceneLighting":true,"audioPlay":false,"sceneViewState":{"showFog":false,"showMaterialUpdate":false,"showSkybox":false,"showFlares":false,"showImageEffects":false,"showParticleSystems":false},"in2DMode":false,"pivot":{"x":1.167581558227539,"y":1.619729995727539,"z":14.894369125366211},"rotation":{"x":0.10595820844173432,"y":-0.5208173990249634,"z":0.06534252315759659,"w":0.8445428013801575},"size":19.45322036743164,"orthographic":false}