{"cameraMode":{"drawMode":0,"name":"Shaded","section":"Shading Mode"},"sceneLighting":false,"audioPlay":false,"sceneViewState":{"showFog":false,"showMaterialUpdate":false,"showSkybox":false,"showFlares":false,"showImageEffects":false,"showParticleSystems":false},"in2DMode":false,"pivot":{"x":15.562582969665528,"y":0.9379065036773682,"z":29.869972229003908},"rotation":{"x":-0.06443580985069275,"y":0.8921307921409607,"z":-0.13483433425426484,"w":-0.42634540796279909},"size":12.60086727142334,"orthographic":false}