{"cameraMode":{"drawMode":0,"name":"Shaded","section":"Shading Mode"},"sceneLighting":true,"audioPlay":false,"sceneViewState":{"showFog":false,"showMaterialUpdate":false,"showSkybox":false,"showFlares":false,"showImageEffects":false,"showParticleSystems":false},"in2DMode":false,"pivot":{"x":1.1252517700195313,"y":0.7917585372924805,"z":14.854671478271485},"rotation":{"x":0.12945224344730378,"y":-0.6257143616676331,"z":0.10631949454545975,"w":0.7618529200553894},"size":7.987757682800293,"orthographic":false}