{"cameraMode":{"drawMode":0,"name":"Shaded","section":"Shading Mode"},"sceneLighting":false,"audioPlay":false,"sceneViewState":{"showFog":true,"showMaterialUpdate":true,"showSkybox":true,"showFlares":true,"showImageEffects":true,"showParticleSystems":true},"in2DMode":false,"pivot":{"x":-3.9481611251831056,"y":-2.307945489883423,"z":-0.3724648952484131},"rotation":{"x":-0.04631545767188072,"y":-0.8257015347480774,"z":0.06853337585926056,"w":-0.5580099821090698},"size":0.46785590052604678,"orthographic":false}