{"cameraMode":{"drawMode":0,"name":"Shaded","section":"Shading Mode"},"sceneLighting":false,"audioPlay":false,"sceneViewState":{"showFog":true,"showMaterialUpdate":true,"showSkybox":true,"showFlares":true,"showImageEffects":true,"showParticleSystems":true},"in2DMode":false,"pivot":{"x":-1.6327136754989625,"y":2.8596019744873049,"z":0.66669762134552},"rotation":{"x":0.0914832055568695,"y":0.9066979289054871,"z":-0.3197159767150879,"w":0.25944459438323977},"size":22.0,"orthographic":false}