{"cameraMode":{"drawMode":0,"name":"Shaded","section":"Shading Mode"},"sceneLighting":false,"audioPlay":false,"sceneViewState":{"showFog":true,"showMaterialUpdate":true,"showSkybox":true,"showFlares":true,"showImageEffects":true,"showParticleSystems":true},"in2DMode":false,"pivot":{"x":31.42690658569336,"y":20.750837326049806,"z":-31.354856491088868},"rotation":{"x":0.17961613833904267,"y":-0.3234013020992279,"z":0.06266611069440842,"w":0.9269426465034485},"size":12.125109672546387,"orthographic":false}